{
    "best_epoch": 2,
    "best_Dis_loss": 0.6986891461743249,
    "best_Gen_loss": 0.8487097766664293
}