{"train_loss": 1.8928961135833906, "eval_loss": 280683.26391457795, "_timestamp": 1676812467.3874066, "_runtime": 5908.659967660904, "_step": 10, "_wandb": {"runtime": 5907}}