{"lr": 0.0002, "train_acc_d_real": 0.9997878124792786, "train_loss_d_real": 0.7542747078062613, "train_acc_d_fake": 0.0, "train_acc_g": 1.0, "train_loss_g": 0.6368317362628405, "train_loss_d": 1.1230874329428129, "eval_Dis_Loss": 1.071407836344507, "eval_Gen_Loss": 0.6403254790438546, "_timestamp": 1677722443.1808312, "_runtime": 41.8302161693573, "_step": 20, "_wandb": {"runtime": 303}}